Game,Agent 1,Agent 2,Agent 1 Wins,Agent 2 Wins,Draws,Avg Game Time (s)
Tic-Tac-Toe,AlphaBeta,MCTS(n=30),23,0,7,0.0572
Tic-Tac-Toe,AlphaBeta,Random,30,0,0,0.0576
Tic-Tac-Toe,MCTS(n=30),Random,28,0,2,0.0021
Connect Four,AlphaBeta(d=4),MCTS(n=30),22,7,1,0.0587
Connect Four,AlphaBeta(d=4),Random,30,0,0,0.0104
Connect Four,MCTS(n=30),Random,30,0,0,0.0302
Crazy Card Game,Obssa Heuristic,MCTS(n=30),19,11,0,0.5757
Crazy Card Game,Obssa Heuristic,Random,26,4,0,0.0038
Crazy Card Game,MCTS(n=30),Random,21,9,0,0.9596
